title,price,image,color,color image
V領涼針織上衣,399,D7180W.jpg,米白,米白.jpg
V領涼針織上衣,399,D7180P.jpg,淺粉,淺粉.jpg
V領涼針織上衣,399,D7180PP.jpg,淺紫,淺紫.jpg
V領涼針織上衣,399,D7180PK.jpg,桃粉,桃粉.jpg
V領涼針織上衣,399,D7180BK.jpg,黑,黑.jpg
蕾絲下擺蛋糕裙,799,D7181W.jpg,米白,米白.jpg
蕾絲下擺蛋糕裙,799,D7181BK.jpg,黑,黑.jpg
航海橫紋棉質上衣,380,D7183BL.jpg,水藍,水藍.jpg
航海橫紋棉質上衣,380,D7183GY.jpg,灰,灰.jpg
航海橫紋棉質上衣,380,D7183NB.jpg,海軍藍,海軍藍.jpg
甜美格紋短版上衣,580,D7184M.jpg,杏,杏.jpg
甜美格紋短版上衣,580,D7184R.jpg,紅,紅.jpg
甜美格紋短版上衣,580,D7184BL.jpg,水藍,水藍.jpg
鉤織綁繩罩衫,699,D7185M.jpg,杏,杏.jpg
洞洞荷葉袖上衣,680,D7188W.jpg,米白,米白.jpg
洞洞荷葉袖上衣,680,D7188GN1.jpg,淺綠,淺綠.jpg
花網感鬆緊長裙,880,D7189W1.jpg,米白,米白.jpg
花網感鬆緊長裙,880,D7189BL.jpg,水藍,水藍.jpg
深藍牛仔背心套裝,1580,D7190DB1.jpg,深藍,深藍.jpg
層次荷葉露肩上衣,699,D7191W.jpg,米白,米白.jpg
層次荷葉露肩上衣,699,D7191PK.jpg,桃粉,桃粉.jpg
層次荷葉露肩上衣,699,D7191BK.jpg,黑,黑.jpg
荷葉領短袖雪紡上衣,699,D7193W.jpg,米白,米白.jpg
荷葉領短袖雪紡上衣,699,D7193PK.jpg,桃粉,桃粉.jpg
荷葉領短袖雪紡上衣,699,D7193R1.jpg,紅,紅.jpg
荷葉領短袖雪紡上衣,699,D7193DB.jpg,深藍,深藍.jpg
拉鍊水洗口袋洋裝,1080,D7194M.jpg,杏,杏.jpg
拉鍊水洗口袋洋裝,1080,D7194GB.jpg,灰藍,灰藍.jpg
不規則荷葉長裙,1980,D7195M.jpg,杏,杏.jpg
不規則荷葉長裙,1980,D7195GB.jpg,灰藍,灰藍.jpg
外出遮陽針織長罩衫,680,D7197W.jpg,米白,米白.jpg
外出遮陽針織長罩衫,680,D7197GB.jpg,灰藍,灰藍.jpg
外出遮陽針織長罩衫,680,D7197GN.jpg,綠,綠.jpg
外出遮陽針織長罩衫,680,D7197BR.jpg,棕,棕.jpg
外出遮陽針織長罩衫,680,D7197BK.jpg,黑,黑.jpg
兩穿小香風針織上衣,680,D7198M.jpg,杏,杏.jpg
兩穿小香風針織上衣,680,D7198PK.jpg,桃粉,桃粉.jpg
兩穿小香風針織上衣,680,D7198BK.jpg,黑,黑.jpg
米白金釦短袖外套,1080,D7200W.jpg,米白,米白.jpg
米白金釦短袖外套,1080,D7200PK.jpg,桃粉,桃粉.jpg
水洗工裝短褲,680,D7201GN.jpg,綠,綠.jpg
水洗工裝短褲,680,D7201GY.jpg,灰,灰.jpg
灰藍直紋亞麻套裝,1080,D7202BL.jpg,水藍,水藍.jpg
後交疊Bra小可愛,299,D7204W.jpg,米白,米白.jpg
後交疊Bra小可愛,299,D7204LG.jpg,淺灰,淺灰.jpg
後交疊Bra小可愛,299,D7204BK.jpg,黑,黑.jpg
後緞帶編織草帽,680,D7205M.jpg,杏,杏.jpg
後緞帶編織草帽,680,D7205BR.jpg,棕,棕.jpg
後交叉Bra小可愛,299,D7206W.jpg,米白,米白.jpg
後交叉Bra小可愛,299,D7206GY.jpg,灰,灰.jpg
後交叉Bra小可愛,299,D7206BK.jpg,黑,黑.jpg
平口Bra小可愛,299,D7207W.jpg,米白,米白.jpg
平口Bra小可愛,299,D7207M.jpg,杏,杏.jpg
平口Bra小可愛,299,D7207GY.jpg,灰,灰.jpg
平口Bra小可愛,299,D7207BK.jpg,黑,黑.jpg
基本款百搭墨鏡,480,D7208W.jpg,米白,米白.jpg
基本款百搭墨鏡,480,D7208M.jpg,杏,杏.jpg
基本款百搭墨鏡,480,D7208BK.jpg,黑,黑.jpg
兩用皮革口袋包包,1280,D7210M.jpg,杏,杏.jpg
兩用皮革口袋包包,1280,D7210BK.jpg,黑,黑.jpg
小雛菊雙層項鍊,329,D7212S.jpg,銀,銀.jpg
環繞小鑽項鍊,299,D7215G.jpg,金,金.jpg
環繞小鑽項鍊,299,D7215S.jpg,銀,銀.jpg
海錨字母棉質上衣,380,D7216W.jpg,米白,米白.jpg
海錨字母棉質上衣,380,D7216M.jpg,杏,杏.jpg
海錨字母棉質上衣,380,D7216DB.jpg,深藍,深藍.jpg
好涼的針織上衣,399,D7217W.jpg,米白,米白.jpg
好涼的針織上衣,399,D7217PK.jpg,桃粉,桃粉.jpg
好涼的針織上衣,399,D7217YL.jpg,黃,黃.jpg
好涼的針織上衣,399,D7217GB.jpg,灰藍,灰藍.jpg
好涼的針織上衣,399,D7217M.jpg,杏,杏.jpg
好涼的針織上衣,399,D7217GN.jpg,綠,綠.jpg
好涼的針織上衣,399,D7217BK.jpg,黑,黑.jpg
胸打褶短袖雪紡上衣,699,D7218W.jpg,米白,米白.jpg
胸打褶短袖雪紡上衣,699,D7218OR.jpg,粉橘,粉橘.jpg
胸打褶短袖雪紡上衣,699,D7218BL.jpg,水藍,水藍.jpg
胸打褶短袖雪紡上衣,699,D7218BK.jpg,黑,黑.jpg
小夢幻日常紗裙,880,D7219M.jpg,杏,杏.jpg
小夢幻日常紗裙,880,D7219BK.jpg,黑,黑.jpg
奶茶皮帶牛仔寬褲,1280,D7220LB.jpg,淺藍,淺藍.jpg
可頌字母棉質上衣,380,D7221OR.jpg,粉橘,粉橘.jpg
可頌字母棉質上衣,380,D7221DB.jpg,深藍,深藍.jpg
抓痕造型牛仔外套,880,D7222BL.jpg,水藍,水藍.jpg
天藍直紋緹花襯衫,780,D7223BL.jpg,水藍,水藍.jpg
涼感連帽外套+裙子套裝,1080,D7224GY.jpg,灰,灰.jpg
涼感連帽外套+裙子套裝,1080,D7224BK.jpg,黑,黑.jpg
段落字母棉質上衣,380,D7225W.jpg,米白,米白.jpg
段落字母棉質上衣,380,D7225M.jpg,杏,杏.jpg
段落字母棉質上衣,380,D7225BL.jpg,水藍,水藍.jpg
挖洞美背Bra棉質洋裝,980,D7226GY.jpg,灰,灰.jpg
挖洞美背Bra棉質洋裝,980,D7226BK.jpg,黑,黑.jpg
韓國色後綁帶襯衫,699,D7227W.jpg,米白,米白.jpg
韓國色後綁帶襯衫,699,D7227YL1.jpg,黃,黃.jpg
韓國色後綁帶襯衫,699,D7227PP1.jpg,紫,紫.jpg
韓國色後綁帶襯衫,699,D7227BL.jpg,水藍,水藍.jpg
海軍橫紋針織背心,680,D7228W.jpg,米白,米白.jpg
海軍橫紋針織背心,680,D7228NB.jpg,海軍藍,海軍藍.jpg
日系感牛仔洋裝,1080,D7229BL1.jpg,牛仔,牛仔.jpg
黑米白橫紋涼針織上衣,480,D7230W.jpg,米白,米白.jpg
黑米白橫紋涼針織上衣,480,D7230BK.jpg,黑,黑.jpg
花瓣袖棉質上衣,480,D7231W.jpg,米白,米白.jpg
花瓣袖棉質上衣,480,D7231BK.jpg,黑,黑.jpg
前抽繩全鬆緊牛仔褲,1080,D7232DB.jpg,深藍,深藍.jpg
奶茶西外高訂套裝,3980,D7233M.jpg,杏,杏.jpg
好質感修身短褲,1280,D7234W.jpg,米白,米白.jpg
好質感修身短褲,1280,D7234BR.jpg,棕,棕.jpg
好質感修身短褲,1280,D7234BK.jpg,黑,黑.jpg
亞麻質感西裝外套,1580,D7235W.jpg,米白,米白.jpg
亞麻質感西裝外套,1580,D7235PK.jpg,桃粉,桃粉.jpg
前開岔棉質長裙,599,D7236M.jpg,杏,杏.jpg
前開岔棉質長裙,599,D7236GY.jpg,灰,灰.jpg
前開岔棉質長裙,599,D7236BK.jpg,黑,黑.jpg
可斜肩修身棉質套裝,1180,D7237GY.jpg,灰,灰.jpg
可斜肩修身棉質套裝,1180,D7237BK1.jpg,黑,黑.jpg
露鎖骨公主袖上衣,780,D7238W.jpg,米白,米白.jpg
露鎖骨公主袖上衣,780,D7238BK.jpg,黑,黑.jpg
全鬆緊輕盈A字裙,699,D7241GY.jpg,灰,灰.jpg
全鬆緊輕盈A字裙,699,D7241BK.jpg,黑,黑.jpg
小圓點細肩長洋裝,980,D7245BK.jpg,黑,黑.jpg
小香滾邊雪紡上衣,880,D7247W1.jpg,米白,米白.jpg
小香滾邊雪紡上衣,880,D7247BK1.jpg,黑,黑.jpg
冰滑涼感Bra小可愛,299,D7249W.jpg,米白,米白.jpg
冰滑涼感Bra小可愛,299,D7249M1.jpg,杏,杏.jpg
冰滑涼感Bra小可愛,299,D7249BL1.jpg,藍,藍.jpg
冰滑涼感Bra小可愛,299,D7249GY.jpg,灰,灰.jpg
冰滑涼感Bra小可愛,299,D7249BK.jpg,黑,黑.jpg
小香風杏黑高跟鞋,1480,D7250M.jpg,杏,杏.jpg
透膚感堆堆襪,199,D7251W.jpg,米白,米白.jpg
透膚感堆堆襪,199,D7251BK.jpg,黑,黑.jpg
牛仔蝶結小髮夾-3件組,249,D7252LB.jpg,淺藍,淺藍.jpg
牛仔蝶結小髮夾-3件組,249,D7252DB.jpg,深藍,深藍.jpg
小魚開口戒指,299,D7257G.jpg,金,金.jpg
小魚開口戒指,299,D7257S.jpg,銀,銀.jpg
925純銀一字水鑽項鍊,599,D7258G.jpg,金,金.jpg
925純銀一字水鑽項鍊,599,D7258S.jpg,銀,銀.jpg
浪漫荷葉混紡上衣,780,D7259W.jpg,米白,米白.jpg
浪漫荷葉混紡上衣,780,D7259PP1.jpg,薰衣紫,薰衣紫.jpg
浪漫荷葉混紡上衣,780,D7259GN.jpg,綠,綠.jpg
前V領雪紡上衣,799,D7260PK.jpg,桃粉,桃粉.jpg
前V領雪紡上衣,799,D7260GB.jpg,灰藍,灰藍.jpg
前V領雪紡上衣,799,D7260BK.jpg,黑,黑.jpg
氣質蕾絲混紡上衣,1080,D7261M1.jpg,杏,杏.jpg
氣質蕾絲混紡上衣,1080,D7261BK1.jpg,黑,黑.jpg
透膚防曬綁結襯衫,699,D7262M.jpg,杏,杏.jpg
透膚防曬綁結襯衫,699,D7262BK.jpg,黑,黑.jpg
海軍風棉質上衣,799,D7263W.jpg,米白,米白.jpg
海軍風棉質上衣,799,D7263DB.jpg,深藍,深藍.jpg
寬肩帶Bra背心,299,D7265W.jpg,米白,米白.jpg
寬肩帶Bra背心,299,D7265PP.jpg,淺紫,淺紫.jpg
寬肩帶Bra背心,299,D7265GB.jpg,灰藍,灰藍.jpg
寬肩帶Bra背心,299,D7265GY.jpg,灰,灰.jpg
寬肩帶Bra背心,299,D7265BK.jpg,黑,黑.jpg
小冰塊短袖西裝外套,799,D7266W.jpg,米白,米白.jpg
小冰塊短袖西裝外套,799,D7266GB1.jpg,灰藍,灰藍.jpg
小冰塊短袖西裝外套,799,D7266BR.jpg,棕,棕.jpg
一字緹花滾邊上衣,880,D7267W.jpg,米白,米白.jpg
一字緹花滾邊上衣,880,D7267BK.jpg,黑,黑.jpg
米白色洞花小罩衫,780,D7268W.jpg,米白,米白.jpg
斜切設計中長裙,880,D7269BK.jpg,黑,黑.jpg
削肩配色針織背心,499,D7270M2.jpg,杏,杏.jpg
削肩配色針織背心,499,D7270BK2.jpg,黑,黑.jpg
全黑顯瘦棉質洋裝,880,D7271BK.jpg,黑,黑.jpg
露肩平口Bra小可愛,299,D7272W.jpg,米白,米白.jpg
露肩平口Bra小可愛,299,D7272M.jpg,杏,杏.jpg
露肩平口Bra小可愛,299,D7272GY.jpg,灰,灰.jpg
露肩平口Bra小可愛,299,D7272BK.jpg,黑,黑.jpg
超親膚Bra小可愛,299,D7274W.jpg,米白,米白.jpg
超親膚Bra小可愛,299,D7274R.jpg,紅,紅.jpg
超親膚Bra小可愛,299,D7274GY.jpg,灰,灰.jpg
超親膚Bra小可愛,299,D7274BK.jpg,黑,黑.jpg
森林色系直紋上衣,680,D7275BL.jpg,水藍,水藍.jpg
森林色系直紋上衣,680,D7275BR1.jpg,棕,棕.jpg
包覆感棉質安全褲,199,D7276W.jpg,米白,米白.jpg
包覆感棉質安全褲,199,D7276GY.jpg,灰,灰.jpg
包覆感棉質安全褲,199,D7276BK.jpg,黑,黑.jpg
經典小香風腰鍊,699,D7277W.jpg,米白,米白.jpg
經典小香風腰鍊,699,D7277BK.jpg,黑,黑.jpg
小轉角銀線墨鏡,480,D7278W.jpg,米白,米白.jpg
小轉角銀線墨鏡,480,D7278BK.jpg,黑,黑.jpg
小香滾邊大腸圈,199,D7279W.jpg,米白,米白.jpg
小香滾邊大腸圈,199,D7279BK.jpg,黑,黑.jpg
山茶花小香耳環,299,D7280W.jpg,米白,米白.jpg
山茶花小香耳環,299,D7280BK.jpg,黑,黑.jpg
小珍珠垂墜耳環,299,D7281G.jpg,金,金.jpg
經典小香銀針耳環,299,D7285W.jpg,米白,米白.jpg
經典小香銀針耳環,299,D7285BK.jpg,黑,黑.jpg
完美無痕隱形襪,79,D7287M.jpg,杏,杏.jpg
完美無痕隱形襪,79,D7287BK.jpg,黑,黑.jpg
舒適吸汗隱形襪,79,D7288LG.jpg,淺灰,淺灰.jpg
舒適吸汗隱形襪,79,D7288BK.jpg,黑,黑.jpg
WHAT字母棉質上衣,380,D7290YL.jpg,黃,黃.jpg
WHAT字母棉質上衣,380,D7290GY.jpg,灰,灰.jpg
街頭連帽牛仔背心,780,D7291LB.jpg,淺藍,淺藍.jpg
街頭連帽牛仔背心,780,D7291DB.jpg,深藍,深藍.jpg
開領橫紋涼針織背心,480,D7292R.jpg,紅,紅.jpg
開領橫紋涼針織背心,480,D7292BL.jpg,水藍,水藍.jpg
開領橫紋涼針織背心,480,D7292GY.jpg,灰,灰.jpg
澎澎袖渡假短洋裝,880,D7293W1.jpg,米白,米白.jpg
平淡幸福字母上衣,380,D7295W.jpg,米白,米白.jpg
平淡幸福字母上衣,380,D7295PK.jpg,桃粉,桃粉.jpg
平淡幸福字母上衣,380,D7295BL.jpg,水藍,水藍.jpg
後綁結混紡襯衫,780,D7296M.jpg,杏,杏.jpg
後綁結混紡襯衫,780,D7296BL.jpg,水藍,水藍.jpg
後綁結混紡襯衫,780,D7296GY.jpg,灰,灰.jpg
MIU風傘擺小短裙,599,D7297M.jpg,杏,杏.jpg
MIU風傘擺小短裙,599,D7297GY.jpg,灰,灰.jpg
MIU風傘擺小短裙,599,D7297BK.jpg,黑,黑.jpg
淺藍銀釦牛仔洋裝,880,D7298LB.jpg,淺藍,淺藍.jpg
拉鍊橫紋針織上衣,680,D7300M.jpg,杏,杏.jpg
拉鍊橫紋針織上衣,680,D7300GY.jpg,灰,灰.jpg
深藍直紋學院短裙,699,D7301DB.jpg,深藍,深藍.jpg
深藍直紋牛仔吊帶裙,980,D7302DB.jpg,深藍,深藍.jpg
雲朵感泡泡長裙,780,D7305W.jpg,米白,米白.jpg
雲朵感泡泡長裙,780,D7305BK.jpg,黑,黑.jpg
涼針織拉鍊連帽套裝,1080,D7306GY.jpg,灰,灰.jpg
涼針織拉鍊連帽套裝,1080,D7306BK.jpg,黑,黑.jpg
雙層設計牛仔寬褲,1980,D7308DB.jpg,深藍,深藍.jpg
後水滴美背Bra,349,D7309WB.jpg,白條紋,白條紋.jpg
後水滴美背Bra,349,D7309BW.jpg,黑條紋,黑條紋.jpg
後水滴美背Bra,349,D7309GY.jpg,灰,灰.jpg
後水滴美背Bra,349,D7309BK.jpg,黑,黑.jpg
BUT字母棒球帽,480,D7310M.jpg,杏,杏.jpg
BUT字母棒球帽,480,D7310GY.jpg,灰,灰.jpg
BUT字母棒球帽,480,D7310BK.jpg,黑,黑.jpg
黑色彈性髮束5入,59,D7312BK.jpg,黑,黑.jpg
百搭棉質隱形襪,89,D7313W.jpg,米白,米白.jpg
百搭棉質隱形襪,89,D7313M.jpg,杏,杏.jpg
百搭棉質隱形襪,89,D7313CF.jpg,棕,棕.jpg
百搭棉質隱形襪,89,D7313GY.jpg,灰,灰.jpg
百搭棉質隱形襪,89,D7313BK.jpg,黑,黑.jpg
高訂系列-傘擺背心+長裙套裝,1980,D7313-02W.jpg,米白,米白.jpg
高訂系列-傘擺背心+長裙套裝,1980,D7313-02PK.jpg,桃粉,桃粉.jpg
高訂系列-傘擺背心+長裙套裝,1980,D7313-02BK.jpg,黑,黑.jpg
高訂系列-普羅旺斯混紡上衣,1680,D7313-05W.jpg,米白,米白.jpg
高訂系列-普羅旺斯混紡上衣,1680,D7313-05PO.jpg,粉橘,粉橘.jpg
高訂系列-南法洞花亞麻上衣,1680,D7313-06M.jpg,杏,杏.jpg
高訂系列-南法洞花亞麻上衣,1680,D7313-06BK.jpg,黑,黑.jpg
高訂系列-撞色滾邊針織小外套,1480,D7313-07PK.jpg,桃粉,桃粉.jpg
高訂系列-撞色滾邊針織小外套,1480,D7313-07BL.jpg,冰川藍,冰川藍.jpg
高訂系列-緞面微袖上衣,1080,D7313-08GD.jpg,香檳金,香檳金.jpg
高訂系列-緞面微袖上衣,1080,D7313-08BL.jpg,冰川藍,冰川藍.jpg
高訂系列-緞面微袖上衣,1080,D7313-08BK.jpg,黑,黑.jpg
花邊V領混紡上衣,1280,D7321M.jpg,杏,杏.jpg
花邊V領混紡上衣,1280,D7321PK1.jpg,粉,粉.jpg
花邊V領混紡上衣,1280,D7321GB.jpg,灰藍,灰藍.jpg
波西米亞荷葉短裙,1280,D7323M.jpg,杏,杏.jpg
波西米亞荷葉短裙,1280,D7323GN1.jpg,淺綠,淺綠.jpg
黑色抽繩口袋洋裝,1980,D7325BK.jpg,黑,黑.jpg
黑線條滾邊襯衫,1280,D7333M.jpg,杏,杏.jpg
黑線條滾邊襯衫,1280,D7333BP.jpg,藍紫,藍紫.jpg
銀色幸運草項鍊,299,D7338S.jpg,銀,銀.jpg
小流星雙層項鍊,299,D7339S.jpg,銀,銀.jpg
紅格紋愛心耳環,299,D7341G.jpg,金,金.jpg
削肩Bra棉質背心,399,D7342W.jpg,米白,米白.jpg
削肩Bra棉質背心,399,D7342M.jpg,杏,杏.jpg
削肩Bra棉質背心,399,D7342DG.jpg,深灰,深灰.jpg
削肩Bra棉質背心,399,D7342BK.jpg,黑,黑.jpg
CEST LA VIE字母上衣,699,D7343W.jpg,米白,米白.jpg
CEST LA VIE字母上衣,699,D7343GN.jpg,綠,綠.jpg
撞色腰頭棉質寬褲,780,D7344GY.jpg,灰,灰.jpg
撞色腰頭棉質寬褲,780,D7344BK.jpg,黑,黑.jpg
飄逸感防曬長罩衫,699,D7345W.jpg,米白,米白.jpg
飄逸感防曬長罩衫,699,D7345GY.jpg,灰,灰.jpg
飄逸感防曬長罩衫,699,D7345BK.jpg,黑,黑.jpg
MIU風抽繩棉質短裙,580,D7346BL.jpg,水藍,水藍.jpg
MIU風抽繩棉質短裙,580,D7346GY.jpg,灰,灰.jpg
MIU風抽繩棉質短裙,580,D7346BK.jpg,黑,黑.jpg
小歐美直紋套裝,799,D7347PK.jpg,桃粉,桃粉.jpg
小歐美直紋套裝,799,D7347BL.jpg,水藍,水藍.jpg
女孩牛仔吊帶褲,1080,D7348LB.jpg,淺藍,淺藍.jpg
女孩牛仔吊帶褲,1080,D7348DB.jpg,深藍,深藍.jpg
輕盈感拉鍊套裝,880,D7349BR.jpg,棕,棕.jpg
輕盈感拉鍊套裝,880,D7349BL.jpg,水藍,水藍.jpg
輕盈感拉鍊套裝,880,D7349BK.jpg,黑,黑.jpg
JENNIE風牛仔褲裙,799,D7352DB.jpg,深藍,深藍.jpg
圓弧領牛仔襯衫,780,D7353LB.jpg,淺藍,淺藍.jpg
圓弧領牛仔襯衫,780,D7353DB.jpg,深藍,深藍.jpg
米白色雕花細肩洋裝,780,D7354W.jpg,米白,米白.jpg
邊邊口袋牛仔長裙,880,D7355LB.jpg,淺藍,淺藍.jpg
燙金字母棉質上衣,699,D7356W.jpg,米白,米白.jpg
燙金字母棉質上衣,699,D7356DB.jpg,深藍,深藍.jpg
黑灰高訂西裝外套,1980,D7357GY.jpg,灰,灰.jpg
甜美女孩鏤空短裙,599,D7358W.jpg,米白,米白.jpg
甜美女孩鏤空短裙,599,D7358BK.jpg,黑,黑.jpg
歐膩黑米白直紋襯衫,1280,D7359BW.jpg,黑條紋,黑條紋.jpg
街頭刷色牛仔短裙,780,D7360BL.jpg,水藍,水藍.jpg
大口袋抽繩A字裙,799,D7361LG.jpg,淺灰,淺灰.jpg
大口袋抽繩A字裙,799,D7361DG.jpg,深灰,深灰.jpg
平口增厚涼感Bra,299,D7362W.jpg,米白,米白.jpg
平口增厚涼感Bra,299,D7362BL.jpg,水藍,水藍.jpg
平口增厚涼感Bra,299,D7362R.jpg,紅,紅.jpg
平口增厚涼感Bra,299,D7362BK.jpg,黑,黑.jpg
霧金釦萬用皮帶,399,D7364CF.jpg,棕,棕.jpg
霧金釦萬用皮帶,399,D7364BK.jpg,黑,黑.jpg
三句字母棒球帽,480,D7365W.jpg,米白,米白.jpg
三句字母棒球帽,480,D7365M.jpg,杏,杏.jpg
三句字母棒球帽,480,D7365R.jpg,紅,紅.jpg
三句字母棒球帽,480,D7365GN.jpg,綠,綠.jpg
三句字母棒球帽,480,D7365BK.jpg,黑,黑.jpg
實穿色小短襪,99,D7366W.jpg,米白,米白.jpg
實穿色小短襪,99,D7366M.jpg,杏,杏.jpg
實穿色小短襪,99,D7366BR.jpg,棕,棕.jpg
實穿色小短襪,99,D7366BK.jpg,黑,黑.jpg
增高5.5cm厚底球鞋,1180,D7368W.jpg,米白,米白.jpg
增高5.5cm厚底球鞋,1180,D7368BK.jpg,黑,黑.jpg
小方領針織上衣,399,D7372W.jpg,米白,米白.jpg
小方領針織上衣,399,D7372YL.jpg,黃,黃.jpg
小方領針織上衣,399,D7372PK.jpg,桃粉,桃粉.jpg
小方領針織上衣,399,D7372R.jpg,紅,紅.jpg
小方領針織上衣,399,D7372BK.jpg,黑,黑.jpg
睫毛蕾絲寬袖上衣,880,D7373M1.jpg,杏,杏.jpg
睫毛蕾絲寬袖上衣,880,D7373PK.jpg,桃粉,桃粉.jpg
睫毛蕾絲寬袖上衣,880,D7373GB.jpg,灰藍,灰藍.jpg
皺皺感混紡襯衫,699,D7374W.jpg,米白,米白.jpg
皺皺感混紡襯衫,699,D7374GN.jpg,綠,綠.jpg
大寬袖涼感上衣,380,D7376W1.jpg,米白,米白.jpg
大寬袖涼感上衣,380,D7376PK.jpg,桃粉,桃粉.jpg
大寬袖涼感上衣,380,D7376BL.jpg,水藍,水藍.jpg
大寬袖涼感上衣,380,D7376BK.jpg,黑,黑.jpg
好氣質領巾雪紡上衣,980,D7377W.jpg,米白,米白.jpg
好氣質領巾雪紡上衣,980,D7377PK.jpg,桃粉,桃粉.jpg
好氣質領巾雪紡上衣,980,D7377GN1.jpg,淺綠,淺綠.jpg
好氣質領巾雪紡上衣,980,D7377DB.jpg,深藍,深藍.jpg
前綁帶牛仔短褲,1680,D7378BL.jpg,水藍,水藍.jpg
奶油色西裝外套,1480,D7379M1.jpg,杏,杏.jpg
奶油色西裝外套,1480,D7379PK.jpg,桃粉,桃粉.jpg
奶油色西裝外套,1480,D7379BL.jpg,水藍,水藍.jpg
米白色多層次蕾絲裙,880,D7380W.jpg,米白,米白.jpg
多荷葉雪紡上衣,1080,D7381W1.jpg,米白,米白.jpg
多荷葉雪紡上衣,1080,D7381PK.jpg,桃粉,桃粉.jpg
多荷葉雪紡上衣,1080,D7381BL.jpg,水藍,水藍.jpg
寬口袋打褶短褲,880,D7382M1.jpg,杏,杏.jpg
寬口袋打褶短褲,880,D7382BK.jpg,黑,黑.jpg
冷淡色字母棉質上衣,299,D7383W2.jpg,米白,米白.jpg
冷淡色字母棉質上衣,299,D7383BR.jpg,棕,棕.jpg
冷淡色字母棉質上衣,299,D7383GB.jpg,灰藍,灰藍.jpg
冷淡色字母棉質上衣,299,D7383DG.jpg,深灰,深灰.jpg
破破個性牛仔外套,980,D7384BL.jpg,水藍,水藍.jpg
高訂設計飄飄寬褲,1980,D7385W1.jpg,米白,米白.jpg
高訂設計飄飄寬褲,1980,D7385BL1.jpg,牛仔,牛仔.jpg
高訂設計飄飄寬褲,1980,D7385BK.jpg,黑,黑.jpg
增厚感細肩Bra,349,D7386W1.jpg,米白,米白.jpg
增厚感細肩Bra,349,D7386M.jpg,杏,杏.jpg
增厚感細肩Bra,349,D7386GB.jpg,灰藍,灰藍.jpg
增厚感細肩Bra,349,D7386BK1.jpg,黑,黑.jpg
無痕褲褲三件組,349,D7387TR1.jpg,三件組,三件組.jpg
大明星小臉墨鏡,480,D7389W.jpg,米白,米白.jpg
大明星小臉墨鏡,480,D7389BR.jpg,棕,棕.jpg
大明星小臉墨鏡,480,D7389BK.jpg,黑,黑.jpg
星星珍珠夾式耳環,299,D7395G.jpg,金,金.jpg
垂墜珍珠夾式耳環,299,D7396G.jpg,金,金.jpg
V領針織上衣+長裙套裝,980,D7397M1.jpg,杏,杏.jpg
V領針織上衣+長裙套裝,980,D7397GY1.jpg,棕,棕.jpg
V領針織上衣+長裙套裝,980,D7397BK1.jpg,黑,黑.jpg
超百搭蛇骨鍊,299,D7400G2.jpg,金,金.jpg
超百搭蛇骨鍊,299,D7400S2.jpg,銀,銀.jpg
小愛心兩件式項鍊,299,D7401G1.jpg,金,金.jpg
小愛心兩件式項鍊,299,D7401S1.jpg,銀,銀.jpg
品味棉質長上衣,399,D7402W.jpg,米白,米白.jpg
品味棉質長上衣,399,D7402M1.jpg,杏,杏.jpg
品味棉質長上衣,399,D7402DG1.jpg,深灰,深灰.jpg
斜線小辣Bra背心,349,D7403W.jpg,米白,米白.jpg
斜線小辣Bra背心,349,D7403GY.jpg,灰,灰.jpg
斜線小辣Bra背心,349,D7403BK.jpg,黑,黑.jpg
單口袋連帽牛仔外套,880,D7404LB.jpg,淺藍,淺藍.jpg
單口袋連帽牛仔外套,880,D7404DB.jpg,深藍,深藍.jpg
灰階字母棉質上衣,299,D7406W.jpg,米白,米白.jpg
灰階字母棉質上衣,299,D7406BL.jpg,水藍,水藍.jpg
灰階字母棉質上衣,299,D7406GY.jpg,灰,灰.jpg
細格紋百搭襯衫,680,D7408M.jpg,杏,杏.jpg
細格紋百搭襯衫,680,D7408PK.jpg,桃粉,桃粉.jpg
超萬用棉質百褶裙,680,D7409GY.jpg,灰,灰.jpg
超萬用棉質百褶裙,680,D7409BK.jpg,黑,黑.jpg
簡單生活字母長上衣,480,D7410BL.jpg,水藍,水藍.jpg
鉤織洞洞針織上衣,680,D7411W.jpg,米白,米白.jpg
鉤織洞洞針織上衣,680,D7411GN1.jpg,淺綠,淺綠.jpg
鉤織洞洞針織上衣,680,D7411PK.jpg,桃粉,桃粉.jpg
男孩風牛仔吊帶裙,980,D7412BK.jpg,黑,黑.jpg
小壓紋五分袖上衣,780,D7413M.jpg,杏,杏.jpg
小壓紋五分袖上衣,780,D7413PK1.jpg,粉,粉.jpg
小壓紋五分袖上衣,780,D7413GN.jpg,綠,綠.jpg
小壓紋五分袖上衣,780,D7413BK.jpg,黑,黑.jpg
混色感舒服寬褲,580,D7414GY.jpg,灰,灰.jpg
潮感十字架項鍊,299,D7420S.jpg,銀,銀.jpg
銀色一字垂墜感耳環,349,D7422S.jpg,銀,銀.jpg
小透膚短版上衣,349,D7425W.jpg,米白,米白.jpg
小透膚短版上衣,349,D7425PK.jpg,桃粉,桃粉.jpg
小透膚短版上衣,349,D7425PP.jpg,淺紫,淺紫.jpg
小透膚短版上衣,349,D7425BK.jpg,黑,黑.jpg
超彈力棉質上衣,299,D7426W.jpg,米白,米白.jpg
超彈力棉質上衣,299,D7426DG.jpg,深灰,深灰.jpg
小性感棉質洋裝,880,D7427GY.jpg,灰,灰.jpg
小性感棉質洋裝,880,D7427BK.jpg,黑,黑.jpg
舒服小短襪,99,D7429M1.jpg,杏,杏.jpg
舒服小短襪,99,D7429BL2.jpg,冰川藍,冰川藍.jpg
舒服小短襪,99,D7429GY.jpg,灰,灰.jpg
舒服小短襪,99,D7429BK.jpg,黑,黑.jpg
想耍廢字母棉質上衣,480,D7431W.jpg,米白,米白.jpg
想耍廢字母棉質上衣,480,D7431PP1.jpg,紫,紫.jpg
想耍廢字母棉質上衣,480,D7431LG1.jpg,淺灰,淺灰.jpg
想耍廢字母棉質上衣,480,D7431DG.jpg,深灰,深灰.jpg
波西米亞鏤空上衣,780,D7433W.jpg,米白,米白.jpg
高腰斜釦開岔裙,1180,D7434PO.jpg,粉橘,粉橘.jpg
深藍工裝吊帶裙,980,D7435DB.jpg,深藍,深藍.jpg
粉霧色柔軟襯衫,699,D7436M.jpg,杏,杏.jpg
假口袋小香外套,880,D7437PK.jpg,桃粉,桃粉.jpg
細褶袖雪紡上衣,980,D7438W.jpg,米白,米白.jpg
細褶袖雪紡上衣,980,D7438BK.jpg,黑,黑.jpg
不對稱直紋百褶裙,780,D7440DG3.jpg,深灰,深灰.jpg
斜拉鍊水洗裙,880,D7441GY.jpg,灰,灰.jpg
微皺直紋長版襯衫,780,D7442W.jpg,米白,米白.jpg
微皺直紋長版襯衫,780,D7442BL.jpg,水藍,水藍.jpg
純色感高腰寬褲,1680,D7446M1.jpg,杏,杏.jpg
純色感高腰寬褲,1680,D7446BK.jpg,黑,黑.jpg
小寬擺顯瘦褲裙,1280,D7448W.jpg,米白,米白.jpg
小寬擺顯瘦褲裙,1280,D7448BR.jpg,棕,棕.jpg
小寬擺顯瘦褲裙,1280,D7448BK.jpg,黑,黑.jpg
波浪袖針織上衣,799,D7449PK.jpg,桃粉,桃粉.jpg
高訂感挺棉套裝,1980,D7451W.jpg,米白,米白.jpg
高訂感挺棉套裝,1980,D7451BK.jpg,黑,黑.jpg
小香雪紡細肩背心,480,D7453W1.jpg,米白,米白.jpg
小香雪紡細肩背心,480,D7453M1.jpg,杏,杏.jpg
方領Bra背心,299,D7454M1.jpg,杏,杏.jpg
方領Bra背心,299,D7454CF1.jpg,棕,棕.jpg
方領Bra背心,299,D7454LG1.jpg,淺灰,淺灰.jpg
方領Bra背心,299,D7454BK1.jpg,黑,黑.jpg
U領合身棉質上衣,350,D7455W1.jpg,米白,米白.jpg
U領合身棉質上衣,350,D7455LG1.jpg,淺灰,淺灰.jpg
U領合身棉質上衣,350,D7455DG1.jpg,深灰,深灰.jpg
U領合身棉質上衣,350,D7455BK1.jpg,黑,黑.jpg
小氣質雪紡背心,699,D7456W1.jpg,米白,米白.jpg
小氣質雪紡背心,699,D7456BK1.jpg,黑,黑.jpg
潮流字母長上衣,480,D7456-01W.jpg,米白,米白.jpg
潮流字母長上衣,480,D7456-01PK.jpg,桃粉,桃粉.jpg
超顯瘦黑色美腿褲,880,D7456-02BK.jpg,黑,黑.jpg
小銀釦牛仔襯衫,799,D7456-03DB.jpg,深藍,深藍.jpg
懶人感棉質洋裝,499,D7456-04YL.jpg,黃,黃.jpg
懶人感棉質洋裝,499,D7456-04GN.jpg,綠,綠.jpg
懶人感棉質洋裝,499,D7456-04DG.jpg,深灰,深灰.jpg
小豐胸Bra背心,299,D7456-05W.jpg,米白,米白.jpg
小豐胸Bra背心,299,D7456-05M.jpg,杏,杏.jpg
小豐胸Bra背心,299,D7456-05BK.jpg,黑,黑.jpg
連袖V領針織上衣,399,D7457W.jpg,米白,米白.jpg
連袖V領針織上衣,399,D7457M.jpg,杏,杏.jpg
連袖V領針織上衣,399,D7457PK.jpg,桃粉,桃粉.jpg
連袖V領針織上衣,399,D7457LG.jpg,淺灰,淺灰.jpg
連袖V領針織上衣,399,D7457BK.jpg,黑,黑.jpg
Nothing字母棉質上衣,399,D7458W.jpg,米白,米白.jpg
Nothing字母棉質上衣,399,D7458GY.jpg,灰,灰.jpg
Nothing字母棉質上衣,399,D7458BK.jpg,黑,黑.jpg
雙口袋水洗裙,799,D7460GY.jpg,灰,灰.jpg
雙口袋水洗裙,799,D7460GB.jpg,灰藍,灰藍.jpg
木紋釦西裝外套,1480,D7461GB.jpg,灰藍,灰藍.jpg
飄飄感長版襯衫,680,D7462W.jpg,米白,米白.jpg
飄飄感長版襯衫,680,D7462M.jpg,杏,杏.jpg
飄飄感長版襯衫,680,D7462BK.jpg,黑,黑.jpg
Paris字母棉質上衣,480,D7463W.jpg,米白,米白.jpg
Paris字母棉質上衣,480,D7463M.jpg,杏,杏.jpg
日系女生A字裙,880,D7464M.jpg,杏,杏.jpg
日系女生A字裙,880,D7464BK.jpg,黑,黑.jpg
黑米白小香風上衣,880,D7466BK.jpg,黑,黑.jpg
斜角設計牛仔寬褲,1980,D7467BL.jpg,水藍,水藍.jpg
灰米白漸層牛仔襯衫,980,D7468GY.jpg,灰,灰.jpg
打褶感工裝長褲,780,D7471DG.jpg,深灰,深灰.jpg
打褶感工裝長褲,780,D7471BK.jpg,黑,黑.jpg
超柔軟Bra背心,380,D7473W.jpg,米白,米白.jpg
超柔軟Bra背心,380,D7473M.jpg,杏,杏.jpg
超柔軟Bra背心,380,D7473GY.jpg,灰,灰.jpg
超柔軟Bra背心,380,D7473BK.jpg,黑,黑.jpg
NYC字母棒球帽,480,D7474W.jpg,米白,米白.jpg
NYC字母棒球帽,480,D7474R.jpg,紅,紅.jpg
星星設計Y字項鍊,299,D7476S.jpg,銀,銀.jpg
極簡可調Y字長項鍊,299,D7477G.jpg,金,金.jpg
極簡可調Y字長項鍊,299,D7477S1.jpg,銀,銀.jpg
不對稱割破牛仔褲,1580,D7480BL.jpg,水藍,水藍.jpg
早春橫紋棉質上衣,420,D7481WB.jpg,白條紋,白條紋.jpg
早春橫紋棉質上衣,420,D7481PK.jpg,桃粉,桃粉.jpg
早春橫紋棉質上衣,420,D7481PP.jpg,淺紫,淺紫.jpg
早春橫紋棉質上衣,420,D7481BL.jpg,水藍,水藍.jpg
早春橫紋棉質上衣,420,D7481BK.jpg,黑,黑.jpg
簡約立領針織上衣,499,D7483M.jpg,杏,杏.jpg
夢想字母棉質上衣,299,D7485W.jpg,米白,米白.jpg
夢想字母棉質上衣,299,D7485BK.jpg,黑,黑.jpg
早春偷跑西裝外套,1480,D7486PP.jpg,淺紫,淺紫.jpg
同色系西裝+西褲套裝,2280,D7488PP1.jpg,薰衣紫,薰衣紫.jpg
帥帥開岔牛仔長裙,1480,D7489LB1.jpg,淺藍,淺藍.jpg
米白流蘇荷葉上衣,880,D7491W.jpg,米白,米白.jpg
小單釦西裝外套,1480,D7492W1.jpg,米白,米白.jpg
小單釦西裝外套,1480,D7492GB.jpg,灰藍,灰藍.jpg
小單釦西裝外套,1480,D7492BK1.jpg,黑,黑.jpg
夢幻袖雪紡上衣,980,D7495M.jpg,杏,杏.jpg
夢幻袖雪紡上衣,980,D7495PK.jpg,桃粉,桃粉.jpg
高級感西裝短褲,980,D7496W.jpg,米白,米白.jpg
高級感西裝短褲,980,D7496BK.jpg,黑,黑.jpg
荷葉領修飾上衣,1480,D7497W.jpg,米白,米白.jpg
荷葉領修飾上衣,1480,D7497M.jpg,杏,杏.jpg
小立領牛仔外套,799,D7498LB.jpg,淺藍,淺藍.jpg
小立領牛仔外套,799,D7498DB.jpg,深藍,深藍.jpg
泡泡袖橫紋上衣,480,D7499M.jpg,杏,杏.jpg
泡泡袖橫紋上衣,480,D7499BK1.jpg,黑,黑.jpg
超舒服棉質長裙,880,D7504GY.jpg,灰,灰.jpg
超舒服棉質長裙,880,D7504BK.jpg,黑,黑.jpg
印刷字母棉質上衣,450,D7505W.jpg,米白,米白.jpg
印刷字母棉質上衣,450,D7505M2.jpg,杏,杏.jpg
小升級細肩Bra,390,D7506W.jpg,米白,米白.jpg
小升級細肩Bra,390,D7506M.jpg,杏,杏.jpg
小升級細肩Bra,390,D7506BK.jpg,黑,黑.jpg
韓感氣質西裝褲,1180,D7507M1.jpg,杏,杏.jpg
韓感氣質西裝褲,1180,D7507BR.jpg,棕,棕.jpg
韓感氣質西裝褲,1180,D7507DG.jpg,深灰,深灰.jpg
韓感氣質西裝褲,1180,D7507BK.jpg,黑,黑.jpg
多片腰帶A字裙,1080,D7508BR.jpg,棕,棕.jpg
多片腰帶A字裙,1080,D7508BK.jpg,黑,黑.jpg
高訂感領巾襯衫,1680,D7509PK.jpg,桃粉,桃粉.jpg
大刷米白牛仔寬褲,1980,D7510BL.jpg,水藍,水藍.jpg
百搭九分袖針織上衣,580,D7511M.jpg,杏,杏.jpg
百搭九分袖針織上衣,580,D7511PK.jpg,桃粉,桃粉.jpg
百搭九分袖針織上衣,580,D7511R.jpg,紅,紅.jpg
百搭九分袖針織上衣,580,D7511GB.jpg,灰藍,灰藍.jpg
百搭九分袖針織上衣,580,D7511BK.jpg,黑,黑.jpg
桃心領Bra小可愛,299,D7512W.jpg,米白,米白.jpg
桃心領Bra小可愛,299,D7512BK.jpg,黑,黑.jpg
小星鑽夾式耳環,290,D7513G.jpg,金,金.jpg
幸運草銀針耳環,290,D7514S.jpg,銀,銀.jpg
焦糖底舒服休閒鞋,1280,D7515W.jpg,米白,米白.jpg
雕花感混紡上衣,680,D7520M.jpg,杏,杏.jpg
假兩件連帽皮革外套,1980,D7524BK.jpg,黑,黑.jpg
抓褶厚雪紡上衣,980,D7526PK.jpg,桃粉,桃粉.jpg
抓褶厚雪紡上衣,980,D7526GB.jpg,灰藍,灰藍.jpg
黑米白小香針織外套,1580,D7528M.jpg,杏,杏.jpg
超顯瘦寬袖上衣,499,D7529BK1.jpg,黑,黑.jpg
小愛心荷葉襯衫,1280,D7531BK.jpg,黑,黑.jpg
收腰金釦針織上衣,1180,D7534M.jpg,杏,杏.jpg
收腰金釦針織上衣,1180,D7534BK.jpg,黑,黑.jpg
設計感西裝寬褲,1980,D7535DG.jpg,深灰,深灰.jpg
設計感西裝寬褲,1980,D7535BK.jpg,黑,黑.jpg
學院小香針織外套,1380,D7536BL.jpg,水藍,水藍.jpg
學院小香針織外套,1380,D7536DB.jpg,深藍,深藍.jpg
細膩質感修身襯衫,1280,D7537W.jpg,米白,米白.jpg
細膩質感修身襯衫,1280,D7537BK.jpg,黑,黑.jpg
黑色微喇叭牛仔褲,1980,D7538BK1.jpg,黑,黑.jpg
南法澎澎袖上衣,1580,D7539PK.jpg,桃粉,桃粉.jpg
抓皺美胸Bra小可愛,299,D7540W.jpg,米白,米白.jpg
抓皺美胸Bra小可愛,299,D7540M.jpg,杏,杏.jpg
抓皺美胸Bra小可愛,299,D7540GY.jpg,灰,灰.jpg
抓皺美胸Bra小可愛,299,D7540BK.jpg,黑,黑.jpg
好萊塢風連帽套裝,1580,D7541M.jpg,杏,杏.jpg
好萊塢風連帽套裝,1580,D7541BK.jpg,黑,黑.jpg
街頭感牛仔襯衫,799,D7543LB.jpg,淺藍,淺藍.jpg
V領蕾絲針織上衣,680,D7545W.jpg,米白,米白.jpg
V領蕾絲針織上衣,680,D7545M.jpg,杏,杏.jpg
V領蕾絲針織上衣,680,D7545BK.jpg,黑,黑.jpg
復古刷色牛仔寬褲,1480,D7546BL.jpg,水藍,水藍.jpg
針織蝶結髮夾,220,D7548M.jpg,杏,杏.jpg
針織蝶結髮夾,220,D7548GY.jpg,灰,灰.jpg
雙水滴銀針耳環,290,D7549S.jpg,銀,銀.jpg
曲線小珍珠耳環,290,D7552G2.jpg,金,金.jpg
銀色前後耳環,290,D7553S.jpg,銀,銀.jpg
珍珠領厚雪紡上衣,880,D7555W.jpg,米白,米白.jpg
山茶花釦小香外套,1280,D7556W.jpg,米白,米白.jpg
超輕柔V領針織上衣,450,D7560M.jpg,杏,杏.jpg
超輕柔V領針織上衣,450,D7560PK.jpg,桃粉,桃粉.jpg
超輕柔V領針織上衣,450,D7560BL.jpg,水藍,水藍.jpg
超輕柔V領針織上衣,450,D7560GY.jpg,灰,灰.jpg
超輕柔V領針織上衣,450,D7560BK.jpg,黑,黑.jpg
韓系橫紋棉質上衣,399,D7562BP.jpg,藍紫,藍紫.jpg
1893內刷毛大學T,480,D7563PP.jpg,淺紫,淺紫.jpg
斜方領針織上衣,1280,D7567W.jpg,米白,米白.jpg
斜方領針織上衣,1280,D7567R2.jpg,酒紅,酒紅.jpg
小清新撞色棉T,299,D7568W.jpg,米白,米白.jpg
1989繡字棒球帽,480,D7571M.jpg,杏,杏.jpg
1989繡字棒球帽,480,D7571PK.jpg,桃粉,桃粉.jpg
1989繡字棒球帽,480,D7571GN.jpg,綠,綠.jpg
1989繡字棒球帽,480,D7571BL.jpg,水藍,水藍.jpg
1989繡字棒球帽,480,D7571BK.jpg,黑,黑.jpg
小歐美圈圈耳環,349,D7573G.jpg,金,金.jpg
小歐美圈圈耳環,349,D7573S.jpg,銀,銀.jpg
銀色編織銀針耳環,329,D7575S.jpg,銀,銀.jpg
坑條百搭堆堆襪,150,D7582M.jpg,杏,杏.jpg
坑條百搭堆堆襪,150,D7582BK.jpg,黑,黑.jpg
小華麗多層次項鍊,580,D7608G.jpg,金,金.jpg
小華麗多層次項鍊,580,D7608S.jpg,銀,銀.jpg
閃耀小鑽戒指,299,D7611G.jpg,金,金.jpg
閃耀小鑽戒指,299,D7611S.jpg,銀,銀.jpg
微笑珍珠耳環,299,D7613G.jpg,金,金.jpg
立體感環繞戒指,299,D7632G.jpg,金,金.jpg
超好搭項鍊四件組,499,D7634S.jpg,銀,銀.jpg
錐形設計長項鍊,390,D7636S.jpg,銀,銀.jpg
愛心珍珠夾式耳環,299,D7638G.jpg,金,金.jpg
小金幣兩件組項鍊,349,D7663G.jpg,金,金.jpg
小金幣兩件組項鍊,349,D7663S.jpg,銀,銀.jpg
小珠珠可調節長項鍊,299,D7664S.jpg,銀,銀.jpg
米白金星星夾式耳環,299,D7667G.jpg,金,金.jpg
金色水滴夾式耳環,299,D7668G.jpg,金,金.jpg
純色系毛呢短裙,799,D7683BK.jpg,黑,黑.jpg
個性壓痕+珍珠項鍊兩件組,399,D7690G.jpg,金,金.jpg
銀色Y字愛心項鍊,349,D7691S.jpg,銀,銀.jpg
法式珍珠銀針耳環,349,D7737G.jpg,金,金.jpg
麻花織紋毛衣外套,1080,D7784PK1.jpg,粉,粉.jpg
玫瑰金銀針耳環,299,D7804G.jpg,金,金.jpg
迷你閃耀銀針耳環,299,D7805CC.jpg,銀,銀.jpg
銀色小方塊項鍊,299,D7849S.jpg,銀,銀.jpg
超滑順針織寬褲,699,D7860BR.jpg,棕,棕.jpg
銀色可調節長項鍊,399,D7908S.jpg,銀,銀.jpg
小C極簡耳環,299,D7913G.jpg,金,金.jpg
不對稱設計百褶裙,780,D7953CR.jpg,棕,棕.jpg
紅色蝶結銀針耳環,299,D7969R.jpg,紅,紅.jpg
菱格洞洞針織上衣,580,D7973M.jpg,杏,杏.jpg
菱格洞洞針織上衣,580,D7973BR.jpg,棕,棕.jpg
菱格洞洞針織上衣,580,D7973BK.jpg,黑,黑.jpg
C字百搭耳環,290,D8000S.jpg,銀,銀.jpg
直線感珍珠耳環,299,D8042PL.jpg,銀,銀.jpg
側開岔針織長裙,680,D8079BR.jpg,棕,棕.jpg
不規則Y字鍊,329,D8132S.jpg,銀,銀.jpg
精品感圈圈項鍊,380,D8133G.jpg,金,金.jpg
精品感圈圈項鍊,380,D8133S.jpg,銀,銀.jpg
大珍珠彈性髮束,79,D8215W.jpg,米白,米白.jpg
大小珍珠彈性髮束,69,D8216BK.jpg,黑,黑.jpg
黑色小香風寬褲,1980,D8241BK.jpg,黑,黑.jpg
側銀線小臉墨鏡,499,D8243BR.jpg,棕,棕.jpg
側銀線小臉墨鏡,499,D8243BK.jpg,黑,黑.jpg
層次感小鑽戒指,299,D8272S.jpg,銀,銀.jpg
珍珠小鑽雙層戒指,349,D8419G.jpg,金,金.jpg
黑色女王墨鏡,580,D8531BK.jpg,黑,黑.jpg
